{
    "bf16": {
        "enabled": true
    },
    "zero_optimization": {
        "stage": 2,
        "allgather_partitions": true,
        "allgather_bucket_size": 2e8,
        "overlap_comm": true,
        "reduce_scatter": true,
        "reduce_bucket_size": 2e8,
        "contiguous_gradients": true
    },
    "gradient_accumulation_steps": 4,
    "gradient_clipping": 1.0,
    "steps_per_print": 2000,
    "train_batch_size": "auto",
    "train_micro_batch_size_per_gpu": 24,
    "wall_clock_breakdown": false
}
